Category,Trade Name,Address,Licence Number,Licence Status,Issue Date,Expiry Date,Business Improvement Area,Neighbourhood ID,Neighbourhood,Ward,Latitude,Longitude,Location,Count,Geometry Point
Cannabis Retail Sales,THE CANNABIS HOUSE,6964 - 76 AVENUE NW,287374253-006,Issued,,"Dec 28, 2023",,6260,Girard Industrial,Métis,53.512922,-113.435400,"(53.51292202563777, -113.4354001248798)",1,POINT (-113.4354001248798 53.51292202563777)
Cannabis Retail Sales,PLANTLIFE,10185 - 186 STREET NW,286189015-010,Issued,,"Oct 01, 2023",,4530,Sunwapta Industrial,Nakota Isga,53.542262,-113.644425,"(53.54226204877924, -113.64442506825861)",1,POINT (-113.64442506825861 53.54226204877924)
Cannabis Retail Sales,VALUE BUDS AT JASPER AVE 121,12120 - JASPER AVENUE NW,286660760-014,Issued,,"Nov 18, 2023",124 Street and Area,1150,Oliver,O-day'min,53.541299,-113.531669,"(53.54129903541032, -113.53166859379797)",1,POINT (-113.53166859379797 53.54129903541032)
Cannabis Retail Sales,VALUE BUDS AT CHAPPELLE COMMONS,14143 - 28 AVENUE SW,287277791-008,Issued,,"Nov 28, 2023",,5462,Chappelle,Ipiihkoohkanipiaohtsi,53.409629,-113.567075,"(53.40962904738339, -113.56707462984407)",1,POINT (-113.56707462984407 53.40962904738339)
Cannabis Retail Sales,HEY BUD RETAIL CANNABIS,15820 - STONY PLAIN ROAD NW,285958055-039,Issued,,"Jun 01, 2023",Stony Plain Road and Area,4060,Britannia Youngstown,Nakota Isga,53.541587,-113.594745,"(53.54158704290155, -113.59474507958672)",1,POINT (-113.59474507958672 53.54158704290155)
Cannabis Retail Sales,VALUE BUDS AT MAYFIELD COMMON,120 - MAYFIELD COMMON NW,286329359-010,Issued,,"Nov 25, 2023",Stony Plain Road and Area,4060,Britannia Youngstown,Nakota Isga,53.543297,-113.611836,"(53.5432970448367, -113.61183607519203)",1,POINT (-113.61183607519203 53.5432970448367)
Cannabis Retail Sales,CANNA CABANA,16952 - 111 AVENUE NW,286065117-007,Issued,,"Jan 26, 2024",,4600,West Sheffield Industrial,Nakota Isga,53.560073,-113.614046,"(53.56007304411827, -113.61404556906294)",1,POINT (-113.61404556906294 53.56007304411827)
Cannabis Retail Sales,FIRE & FLOWER CANNABIS CO,9610 - 165 AVENUE NW,285838400-007,Issued,,"Oct 28, 2023",,2241,Eaux Claires,tastawiyiniwak,53.626574,-113.490269,"(53.62657402547754, -113.49026857440214)",1,POINT (-113.49026857440214 53.62657402547754)
Cannabis Retail Sales,FIRE AND FLOWER,10141 - 100A STREET NW,287613738-009,Issued,,"Aug 19, 2023",Downtown,1090,Downtown,O-day'min,53.541875,-113.491695,"(53.541875030620886, -113.4916951025611)",1,POINT (-113.4916951025611 53.541875030620886)
Cannabis Retail Sales,NSPIRE CANNABIS INC.,"3, 5010 - 76 AVENUE NW",286086429-014,Issued,,"Aug 04, 2023",,6160,Davies Industrial East,Métis,53.513138,-113.419322,"(53.513138023715136, -113.41932162841591)",1,POINT (-113.41932162841591 53.513138023715136)
Cannabis Retail Sales,VALUE BUDS AT JASPER GATES,14971 - STONY PLAIN ROAD NW,285825062-009,Issued,,"Nov 28, 2023",Stony Plain Road and Area,4580,West Jasper Place,Nakota Isga,53.540579,-113.579441,"(53.540579041138464, -113.57944058334762)",1,POINT (-113.57944058334762 53.540579041138464)
Cannabis Retail Sales,DOOBIE CANNABIS,5817 - 132 AVENUE NW,295264252-019,Issued,,"Dec 21, 2023",Fort Road and Area,2080,Belvedere,Dene,53.591933,-113.431737,"(53.591933020540864, -113.43173709921139)",1,POINT (-113.43173709921139 53.591933020540864)
Cannabis Retail Sales,NUMO CANNABIS,10765 - 97 STREET NW,291117054-011,Issued,,"Nov 22, 2023",Chinatown and Area,1140,McCauley,O-day'min,53.553458,-113.489688,"(53.553458029700366, -113.48968809912641)",1,POINT (-113.48968809912641 53.553458029700366)
Cannabis Retail Sales,ELEVATE,10022 - 167 STREET NW,286518327-007,Issued,,"Apr 16, 2024",Stony Plain Road and Area,4180,Glenwood,Nakota Isga,53.539823,-113.609820,"(53.539823044800045, -113.60982007680872)",1,POINT (-113.60982007680872 53.539823044800045)
Cannabis Retail Sales,THE CANNABIS HOUSE,6560 - 170 AVENUE NW,285852567-007,Issued,,"Oct 10, 2023",,2522,McConachie,Dene,53.632946,-113.441714,"(53.63294601931887, -113.44171358316002)",1,POINT (-113.44171358316002 53.63294601931887)
Cannabis Retail Sales,KING STREET CANNABIS,4984 - 92 AVENUE NW,287266269-002,Issued,,"May 26, 2023",,6180,Eastgate Business Park,Métis,53.527115,-113.417270,"(53.527115022644466, -113.41726962420171)",1,POINT (-113.41726962420171 53.527115022644466)
Cannabis Retail Sales,BUDABOOM,4515 - GATEWAY BOULEVARD NW,293272260-007,Issued,,"May 13, 2024",,5110,Calgary Trail North,papastew,53.483321,-113.491101,"(53.48332103400451, -113.49110112228357)",1,POINT (-113.49110112228357 53.48332103400451)
Cannabis Retail Sales,FIRE & FLOWER CANNABIS CO,"122, 9080 - 25 AVENUE SW",291278096-009,Issued,,"Aug 06, 2023",,6213,Summerside,Karhiio,53.410745,-113.481584,"(53.41074503717561, -113.48158364858185)",1,POINT (-113.48158364858185 53.41074503717561)
Cannabis Retail Sales,CANNABIS HOUSE,10888 - JASPER AVENUE NW,287614739-021,Issued,,"Feb 17, 2024",Downtown,1090,Downtown,O-day'min,53.541281,-113.508066,"(53.54128103260323, -113.50806609909118)",1,POINT (-113.50806609909118 53.54128103260323)
Cannabis Retail Sales,CANNA CABANA,9522 - ELLERSLIE ROAD SW,286067932-009,Issued,,"Oct 30, 2023",,6214,Ellerslie Industrial,Karhiio,53.425802,-113.478344,"(53.42580203589723, -113.4783436443034)",1,POINT (-113.4783436443034 53.42580203589723)
Cannabis Retail Sales,SMOKEY'S,7223 - 101 AVENUE NW,296200574-010,Issued,,"May 16, 2023",,6730,Terrace Heights,Métis,53.540912,-113.439792,"(53.54091202450593, -113.4397921145261)",1,POINT (-113.4397921145261 53.54091202450593)
Cannabis Retail Sales,VALUE BUDS AT NW LANDING,737 - MISTATIM WAY NW,287115176-014,Issued,,"May 17, 2023",,4320,Mistatim Industrial,Anirniq,53.603228,-113.579477,"(53.603228037476065, -113.57947656227293)",1,POINT (-113.57947656227293 53.603228037476065)
Cannabis Retail Sales,WAKE N' BAKE CANNABIS,16624 - 109 AVENUE NW,287135564-015,Renewal Notice,,"Apr 13, 2023",,4600,West Sheffield Industrial,Nakota Isga,53.556266,-113.606333,"(53.55626604342209, -113.60633257206669)",1,POINT (-113.60633257206669 53.55626604342209)
Cannabis Retail Sales,CANNA CABANA,"30, 12981 - 50 STREET NW",286090316-009,Issued,,"Oct 29, 2023",,2350,Homesteader,Dene,53.588936,-113.417067,"(53.58893601897179, -113.41706710351535)",1,POINT (-113.41706710351535 53.58893601897179)
Cannabis Retail Sales,MADE IN CANNABIS,"105, 1803 - 91 STREET SW",291940271-004,Issued,,"Sep 01, 2023",,6213,Summerside,Karhiio,53.416820,-113.478722,"(53.41682003647537, -113.47872164720414)",1,POINT (-113.47872164720414 53.41682003647537)
Cannabis Retail Sales,CANNA CABANA,8721 - 156 STREET NW,287020586-008,Issued,,"Feb 14, 2024",,4230,Jasper Park,sipiwiyiniwak,53.520266,-113.589840,"(53.520266043568135, -113.58984008783322)",1,POINT (-113.58984008783322 53.520266043568135)
Cannabis Retail Sales,SPIRITLEAF,10561 - 109 STREET NW,286304126-006,Issued,,"Jun 12, 2023",North Edge,1030,Central McDougall,O-day'min,53.549129,-113.507882,"(53.54912903211962, -113.50788159650048)",1,POINT (-113.50788159650048 53.54912903211962)
Cannabis Retail Sales,CROWN CANNABIS,9533 - 76 AVENUE NW,287151592-010,Issued,,"Oct 07, 2023",,6610,Ritchie,papastew,53.511932,-113.476013,"(53.51193203052175, -113.47601261610318)",1,POINT (-113.47601261610318 53.51193203052175)
Cannabis Retail Sales,CANNA CABANA,8927L - 82 AVENUE NW,285829822-023,Issued,,"Feb 23, 2024",,2360,Industrial Heights,Métis,53.582681,-113.420634,"(53.582680690929685, -113.4206337472698)",1,POINT (-113.4206337472698 53.582680690929685)
Cannabis Retail Sales,PLANT LIFE DISPENSARY (JAGARE RIDGE) LTD.,14130 - 28 AVENUE SW,290602801-005,Issued,,"Dec 17, 2023",,5465,Hays Ridge Area,Ipiihkoohkanipiaohtsi,53.411105,-113.566773,"(53.41110504726026, -113.56677312942072)",1,POINT (-113.56677312942072 53.41110504726026)
Cannabis Retail Sales,NUMO CANNABIS,11733 - 95 STREET NW,287119099-007,Issued,,"Nov 03, 2023",Alberta Avenue,1010,Alberta Avenue,Métis,53.569946,-113.486786,"(53.56994602838524, -113.48678559424238)",1,POINT (-113.48678559424238 53.56994602838524)
Cannabis Retail Sales,VALUE BUDS AT NAMAO,16616 - 95 STREET NW,285974438-007,Issued,,"Oct 10, 2023",,2241,Eaux Claires,tastawiyiniwak,53.628293,-113.487785,"(53.628293025080836, -113.48778457438003)",1,POINT (-113.48778457438003 53.628293025080836)
Cannabis Retail Sales,MOUNTAIN STANDARD CANNABIS,6626 - 127 AVENUE NW,286906833-013,Issued,,"Dec 06, 2023",Fort Road and Area,2020,Balwin,tastawiyiniwak,53.585318,-113.443761,"(53.58531802236102, -113.44376109873403)",1,POINT (-113.44376109873403 53.58531802236102)
Cannabis Retail Sales,MIND-FULL - A CANNABIS DISPENSARY LTD.,14821 - YELLOWHEAD TRAIL NW,287630652-006,Issued,,"Dec 21, 2023",,3160,Dominion Industrial,Anirniq,53.580539,-113.576286,"(53.580539038422074, -113.57628607062728)",1,POINT (-113.57628607062728 53.580539038422074)
Cannabis Retail Sales,VALUE BUDS AT THE MEADOWS,1938 - 38 AVENUE NW,286544646-007,Issued,,"Nov 25, 2023",,6390,Larkspur,Sspomitapi,53.478362,-113.373732,"(53.47836202036649, -113.37373215026071)",1,POINT (-113.37373215026071 53.47836202036649)
Cannabis Retail Sales,FIRE & FLOWER CANNABIS CO,13710 - 42 STREET NW,286530582-006,Issued,,"Dec 16, 2023",,2145,Clareview Town Centre,Dene,53.598053,-113.407302,"(53.59805301727296, -113.40730210264556)",1,POINT (-113.40730210264556 53.59805301727296)
Cannabis Retail Sales,EDMONTON CANNABIS & EDIBLES,10123 - 82 AVENUE NW,286758265-013,Issued,,"Jul 07, 2023",Old Strathcona,6610,Ritchie,papastew,53.517755,-113.492276,"(53.51775503211118, -113.49227561051019)",1,POINT (-113.49227561051019 53.51775503211118)
Cannabis Retail Sales,THE LOCAL CANNABIST,"B1, 14727 - 87 AVENUE NW",291994656-008,Issued,,"Jun 23, 2023",,3270,Laurier Heights,sipiwiyiniwak,53.519042,-113.577254,"(53.519042042142196, -113.57725359105741)",1,POINT (-113.57725359105741 53.519042042142196)
Cannabis Retail Sales,GANJA HUT,7507 - 50 STREET NW,287138180-007,Issued,,"Feb 25, 2024",,6780,Weir Industrial,Métis,53.511275,-113.417720,"(53.51127502363513, -113.41771962939825)",1,POINT (-113.41771962939825 53.51127502363513)
Cannabis Retail Sales,VALUE BUDS AT OFF WHYTE,8015 - 104 STREET NW,285831371-006,Issued,,"Oct 04, 2023",Old Strathcona,5151,Strathcona Junction,papastew,53.516603,-113.496677,"(53.51660303270231, -113.49667660990963)",1,POINT (-113.49667660990963 53.51660303270231)
Cannabis Retail Sales,THE CANNABIS HOUSE,16526 - 59A STREET NW,286324862-007,Issued,,"Dec 14, 2023",,2500,Matt Berry,Dene,53.627699,-113.431494,"(53.62769901840955, -113.43149408722618)",1,POINT (-113.43149408722618 53.62769901840955)
Cannabis Retail Sales,SPIRITLEAF,"20, 13750 - 50 STREET NW",285848948-003,Issued,,"Sep 25, 2023",,2145,Clareview Town Centre,Dene,53.598566,-113.414493,"(53.598566018098445, -113.41449310085639)",1,POINT (-113.41449310085639 53.598566018098445)
Cannabis Retail Sales,GLENORA CANNABIS,12321 - 107 AVENUE NW,286073824-005,Issued,,"Jun 06, 2023",124 Street and Area,3440,Westmount,O-day'min,53.550785,-113.535390,"(53.550785035295895, -113.53539008978208)",1,POINT (-113.53539008978208 53.550785035295895)
Cannabis Retail Sales,ARMSTRONG BLOCK CANNABIS,10129 - 104 STREET NW,287278928-012,Issued,,"Sep 05, 2023",Downtown,1090,Downtown,O-day'min,53.541596,-113.498715,"(53.54159603147232, -113.49871510108113)",1,POINT (-113.49871510108113 53.54159603147232)
Cannabis Retail Sales,DISCOUNTED CANNABIS,17042 - 90 AVENUE NW,295737409-016,Issued,,"Mar 13, 2024",,4520,Summerlea,sipiwiyiniwak,53.525900,-113.617448,"(53.525900046523944, -113.61744757977495)",1,POINT (-113.61744757977495 53.525900046523944)
Cannabis Retail Sales,CANNABIS PIT STOP,6045 - GATEWAY BOULEVARD NW,286539395-011,Issued,,"Jun 14, 2023",,5110,Calgary Trail North,papastew,53.498657,-113.491943,"(53.49865703319851, -113.49194261697217)",1,POINT (-113.49194261697217 53.49865703319851)
Cannabis Retail Sales,SPIRITLEAF,10134 - 82 AVENUE NW,285957792-011,Issued,,"Dec 20, 2023",Old Strathcona,5480,Strathcona,papastew,53.518385,-113.492501,"(53.518385032100774, -113.49250061024892)",1,POINT (-113.49250061024892 53.518385032100774)
Cannabis Retail Sales,CANNA CABANA,"101, 3342 - PARSONS ROAD NW",287225861-006,Issued,,"Jan 20, 2024",,6570,Parsons Industrial,Karhiio,53.467058,-113.487002,"(53.467058034479464, -113.48700162862802)",1,POINT (-113.48700162862802 53.467058034479464)
Cannabis Retail Sales,CANNA CABANA,10828 - 124 STREET NW,286062592-007,Issued,,"Nov 20, 2023",124 Street and Area,3440,Westmount,O-day'min,53.553413,-113.536416,"(53.553413035263695, -113.53641608867024)",1,POINT (-113.53641608867024 53.553413035263695)
Cannabis Retail Sales,LUCID CANNABIS,6613 - 177 STREET NW,300225428-010,Issued,,"Sep 26, 2023",,4080,Callingwood South,sipiwiyiniwak,53.502212,-113.626745,"(53.50221204901951, -113.62674458563525)",1,POINT (-113.62674458563525 53.50221204901951)
Cannabis Retail Sales,ELEVATE,14454 - 118 AVENUE NW,286665862-005,Issued,,"Oct 23, 2024",,3160,Dominion Industrial,Anirniq,53.570720,-113.570517,"(53.570720038309496, -113.57051707522102)",1,POINT (-113.57051707522102 53.570720038309496)
Cannabis Retail Sales,CANNABIS DISCOUNTER,2543 - 17 STREET NW,374271861-002,Issued,,"Oct 15, 2023",,6443,Tamarack,Sspomitapi,53.456771,-113.367374,"(53.456771020896944, -113.3673736588798)",1,POINT (-113.3673736588798 53.456771020896944)
Cannabis Retail Sales,LUX LEAF CANNABIS,1643 - 102 STREET NW,408722312-002,Issued,,"Oct 18, 2023",,6195,South Edmonton Common,Karhiio,53.445134,-113.489796,"(53.44513403610949, -113.48979613530787)",1,POINT (-113.48979613530787 53.44513403610949)
Cannabis Retail Sales,CANNA CABANA,10573 - 114 STREET NW,457374936-002,Issued,,"Jan 11, 2024",North Edge,1180,Queen Mary Park,O-day'min,53.549579,-113.517102,"(53.549579033190305, -113.51710209428339)",1,POINT (-113.51710209428339 53.549579033190305)
Cannabis Retail Sales,MOUNTAIN STANDARD CANNABIS,13124 - 82 STREET NW,358783743-002,Issued,,"Jun 05, 2023",,2420,Killarney,tastawiyiniwak,53.591861,-113.467827,"(53.591861024840696, -113.46782709113057)",1,POINT (-113.46782709113057 53.591861024840696)
Cannabis Retail Sales,MOUNTAIN STANDARD CANNABIS,"202, 11314 - 107 AVENUE NW",347530140-002,Issued,,"Dec 18, 2023",North Edge,1180,Queen Mary Park,O-day'min,53.551694,-113.516549,"(53.551694033000125, -113.51654859369776)",1,POINT (-113.51654859369776 53.551694033000125)
Cannabis Retail Sales,FIRESTONE CANNABIS,9851 - 63 AVENUE NW,327218219-002,Issued,,"Aug 22, 2023",,6650,Rosedale Industrial,papastew,53.499404,-113.485058,"(53.49940403233631, -113.48505761826495)",1,POINT (-113.48505761826495 53.49940403233631)
Cannabis Retail Sales,PLANTLIFE,2217 - 101 STREET NW,361176959-002,Issued,,"Jun 09, 2023",,6195,South Edmonton Common,Karhiio,53.453243,-113.487771,"(53.45324303538874, -113.48777113306039)",1,POINT (-113.48777113306039 53.45324303538874)
Cannabis Retail Sales,SMOKEY'S,2366 - 23 AVENUE NW,438048674-002,Issued,,"Aug 07, 2023",,6442,Silver Berry,Sspomitapi,53.455124,-113.377377,"(53.45512402218097, -113.377377157182)",1,POINT (-113.377377157182 53.45512402218097)
Cannabis Retail Sales,CANNABIS DISCOUNTER,17329 - HILLER ROAD SW,400576814-011,Issued,,"Mar 23, 2024",,5574,Keswick,pihêsiwin,53.420600,-113.619099,"(53.42060005291189, -113.61909911458525)",1,POINT (-113.61909911458525 53.42060005291189)
Cannabis Retail Sales,MIND-FULL THE CANNABIS STORE,10430 - 118 AVENUE NW,373603559-002,Issued,,"Oct 07, 2023",Alberta Avenue,1250,Westwood,O-day'min,53.570585,-113.500749,"(53.570585030009674, -113.50074909089632)",1,POINT (-113.50074909089632 53.570585030009674)
Cannabis Retail Sales,FIRE & FLOWER CANNABIS CO.,11512 - JASPER AVENUE NW,376822962-002,Issued,,"Jan 04, 2024",,1150,Oliver,O-day'min,53.541281,-113.520014,"(53.541281034024614, -113.52001359641444)",1,POINT (-113.52001359641444 53.541281034024614)
Cannabis Retail Sales,CANNABIS HOUSE,"4, 9977 - 178 STREET NW",384493363-002,Issued,,"Feb 07, 2024",,4540,Terra Losa,Nakota Isga,53.537069,-113.625651,"(53.537069046846696, -113.6256510741954)",1,POINT (-113.6256510741954 53.537069046846696)
Cannabis Retail Sales,BOBO'S BUDZ LTD.,12451 - 97 STREET NW,452670461-003,Issued,,"Jan 23, 2025",,1080,Delton,Métis,53.580836,-113.491502,"(53.58083602830675, -113.49150158952531)",1,POINT (-113.49150158952531 53.58083602830675)
Cannabis Retail Sales,BUDABOOM,15803 - 87 AVENUE NW,325299848-008,Issued,,"Dec 05, 2024",,4280,Lynnwood,sipiwiyiniwak,53.519105,-113.595893,"(53.5191050443566, -113.59589258686934)",1,POINT (-113.59589258686934 53.5191050443566)
Cannabis Retail Sales,SPIRITLEAF,4219 - CALGARY TRAIL NW,327925320-005,Issued,,"Dec 07, 2023",,5120,Calgary Trail South,Karhiio,53.478740,-113.493716,"(53.478740034585854, -113.49371562322726)",1,POINT (-113.49371562322726 53.478740034585854)
Cannabis Retail Sales,CANNABIS WORLD INC,3385 - 28A AVENUE NW,436035621-010,Issued,,"Jan 16, 2024",,6442,Silver Berry,Sspomitapi,53.458886,-113.392902,"(53.4588860237981, -113.39290215244515)",1,POINT (-113.39290215244515 53.4588860237981)
Cannabis Retail Sales,CANNABIS HOUSE,3333 - 34 STREET NW,363537870-002,Issued,,"Jun 11, 2023",,6442,Silver Berry,Sspomitapi,53.462738,-113.392646,"(53.462738023538655, -113.39264565122005)",1,POINT (-113.39264565122005 53.462738023538655)
Cannabis Retail Sales,FIRE AND FLOWER,5844 - TERRACE ROAD NW,315098870-008,Issued,,"Nov 23, 2023",,6730,Terrace Heights,Métis,53.540660,-113.425491,"(53.54066002282096, -113.42549111782091)",1,POINT (-113.42549111782091 53.54066002282096)
Cannabis Retail Sales,VALUE BUDS AT SUMMERSIDE,936 - 91 STREET SW,374808492-011,Issued,,"Apr 18, 2023",,6214,Ellerslie Industrial,Karhiio,53.423741,-113.475747,"(53.423741035711615, -113.47574714556973)",1,POINT (-113.47574714556973 53.423741035711615)
Cannabis Retail Sales,LUCID CANNABIS,4355 - 167 AVENUE NW,352660334-002,Issued,,"Feb 25, 2024",,2110,Brintnell,Dene,53.627852,-113.407401,"(53.6278520155315, -113.40740109259256)",1,POINT (-113.40740109259256 53.6278520155315)
Cannabis Retail Sales,CANNABIS DISCOUNTER,1470 - MCCONACHIE BOULEVARD NW,394028255-002,Issued,,"Jun 17, 2023",,2522,McConachie,Dene,53.639696,-113.441556,"(53.63969601890417, -113.44155608091873)",1,POINT (-113.44155608091873 53.63969601890417)
Cannabis Retail Sales,DISCOUNTED CANNABIS,256 - MANNING CROSSING NW,395562459-010,Issued,,"Feb 29, 2024",,2720,York,Dene,53.600276,-113.423304,"(53.60027601904631, -113.42330409830078)",1,POINT (-113.42330409830078 53.60027601904631)
Cannabis Retail Sales,CANNABIS STATION,"187A, 1 - BONNIE DOON SHOPPING CENTRE NW",397216964-002,Issued,,"Jun 14, 2024",French Quarter and Area,6040,Bonnie Doon,Métis,53.520986,-113.457139,"(53.52098601597876, -113.45713941318525)",1,POINT (-113.45713941318525 53.52098601597876)
Cannabis Retail Sales,420 PREMIUM MARKET,12800 - 137 AVENUE NW,355308017-002,Issued,,"Apr 12, 2024",,3340,Pembina,Anirniq,53.601050,-113.542937,"(53.60105003324803, -113.54293657119166)",1,POINT (-113.54293657119166 53.60105003324803)
Cannabis Retail Sales,CANNABIS HOUSE,18320 - LESSARD ROAD NW,390909252-002,Issued,,"Apr 08, 2024",,4110,Dechene,sipiwiyiniwak,53.485976,-113.642292,"(53.48597605182224, -113.64229208759798)",1,POINT (-113.64229208759798 53.48597605182224)
Cannabis Retail Sales,SPIRITLEAF,15274 - 127 STREET NW,379021782-002,Issued,,"Mar 15, 2024",,3150,Cumberland,Anirniq,53.615990,-113.542820,"(53.615990032360294, -113.54281956618313)",1,POINT (-113.54281956618313 53.615990032360294)
Cannabis Retail Sales,CROWN CANNABIS,8329 - CHAPPELLE WAY SW,390771184-005,Issued,,"Jun 07, 2023",,5462,Chappelle,Ipiihkoohkanipiaohtsi,53.396687,-113.593710,"(53.396687051310245, -113.59371012820024)",1,POINT (-113.59371012820024 53.396687051310245)
Cannabis Retail Sales,CANNABIS CELLAR CALLINGWOOD,6813 - 177 STREET NW,399681590-002,Issued,,"Jul 14, 2023",,4080,Callingwood South,sipiwiyiniwak,53.502689,-113.625795,"(53.50268904887855, -113.62579508568757)",1,POINT (-113.62579508568757 53.50268904887855)
Cannabis Retail Sales,NUMO CANNABIS,"1, 10502 - 107 AVENUE NW",445172618-002,Issued,,"Sep 13, 2023",North Edge,1030,Central McDougall,O-day'min,53.551658,-113.501613,"(53.55165803122504, -113.50161309705695)",1,POINT (-113.50161309705695 53.55165803122504)
Cannabis Retail Sales,CROWN CANNABIS,1515 - 50 STREET NW,393210370-002,Issued,,"Jan 10, 2025",,6140,Crawford Plains,Sspomitapi,53.444855,-113.418332,"(53.444855027647996, -113.41833165141068)",1,POINT (-113.41833165141068 53.444855027647996)
Cannabis Retail Sales,FLOWER JUNCTION,5936 - 104 STREET NW,405859031-002,Issued,,"Sep 01, 2023",,5320,Pleasantview,papastew,53.496596,-113.498139,"(53.49659603405651, -113.49813911627302)",1,POINT (-113.49813911627302 53.49659603405651)
Cannabis Retail Sales,PLANTLIFE,5245 - ELLERSLIE ROAD SW,378012638-010,Issued,,"Jul 05, 2023",,6662,Walker,Karhiio,53.423867,-113.422571,"(53.42386702939903, -113.42257065743824)",1,POINT (-113.42257065743824 53.42386702939903)
Cannabis Retail Sales,CANNABIS QUEEN,12621 - 121 AVENUE NW,360709201-002,Issued,,"Apr 28, 2023",,3350,Prince Charles,Anirniq,53.574932,-113.540727,"(53.57493203451449, -113.54072708047562)",1,POINT (-113.54072708047562 53.57493203451449)
Cannabis Retail Sales,SPIRITLEAF,"103, 10903 - 23 AVENUE NW",309072724-002,Issued,,"Apr 30, 2023",,5250,Keheewin,Ipiihkoohkanipiaohtsi,53.453504,-113.509754,"(53.45350403798287, -113.50975362805353)",1,POINT (-113.50975362805353 53.45350403798287)
Cannabis Retail Sales,UNCLE SAM'S CANNABIS,12950 - 97 STREET NW,365132115-008,Issued,,"Mar 02, 2024",,3260,Lauderdale,Anirniq,53.588648,-113.492586,"(53.58864802797718, -113.49258608665522)",1,POINT (-113.49258608665522 53.58864802797718)
Cannabis Retail Sales,LAKEWOOD CANNABIS,1525 - LAKEWOOD ROAD WEST NW,369601853-005,Issued,,"Jan 03, 2024",,6470,Meyonohk,Karhiio,53.458238,-113.460825,"(53.458238031894616, -113.46082513743094)",1,POINT (-113.46082513743094 53.458238031894616)
Cannabis Retail Sales,DISCOUNTED CANNABIS,12918 - 82 STREET NW,422898150-002,Issued,,"Mar 06, 2024",,2420,Killarney,tastawiyiniwak,53.587649,-113.467796,"(53.58764902508445, -113.46779559255407)",1,POINT (-113.46779559255407 53.58764902508445)
Cannabis Retail Sales,DISCOUNTED CANNABIS,13210 - 118 AVENUE NW,383794012-010,Issued,,"Mar 13, 2024",The Crossroads,3170,Dovercourt,Anirniq,53.570963,-113.550686,"(53.57096303593316, -113.5506855795794)",1,POINT (-113.5506855795794 53.57096303593316)
Cannabis Retail Sales,AB BUD,16118 - STONY PLAIN ROAD NW,409996153-009,Issued,,"Dec 19, 2023",Stony Plain Road and Area,4060,Britannia Youngstown,Nakota Isga,53.541596,-113.599794,"(53.54159604350228, -113.59979407845482)",1,POINT (-113.59979407845482 53.54159604350228)
Cannabis Retail Sales,GREEN LEAF CANNABIS,12046 - FORT ROAD NW,395837462-002,Issued,,"May 18, 2023",,1100,Eastwood,Métis,53.574788,-113.460596,"(53.5747880249838, -113.46059559849238)",1,POINT (-113.46059559849238 53.5747880249838)
Cannabis Retail Sales,SPIRITLEAF,11156 - ELLERSLIE ROAD SW,390373722-002,Renewal Notice,,"Apr 13, 2023",,5452,MacEwan,Ipiihkoohkanipiaohtsi,53.425874,-113.518574,"(53.42587404066574, -113.51857363527942)",1,POINT (-113.51857363527942 53.42587404066574)
Cannabis Retail Sales,SPIRITLEAF,3444 - 99 STREET NW,312156161-002,Issued,,"Jun 04, 2023",,6700,Strathcona Industrial Park,Karhiio,53.468471,-113.487929,"(53.468471034505946, -113.48792862794923)",1,POINT (-113.48792862794923 53.468471034505946)
Cannabis Retail Sales,FIRE & FLOWER CANNABIS CO.,2412 - RABBIT HILL ROAD NW,369440861-012,Issued,,"Feb 09, 2024",,5630,Leger,pihêsiwin,53.455664,-113.566778,"(53.455664044627746, -113.56677761458307)",1,POINT (-113.56677761458307 53.455664044627746)
Cannabis Retail Sales,SELECT CANNABIS,10124 - 149 STREET NW,356093840-002,Issued,,"Apr 20, 2024",Stony Plain Road and Area,4090,Canora,Nakota Isga,53.542190,-113.578590,"(53.54219004094278, -113.57859008299731)",1,POINT (-113.57859008299731 53.54219004094278)
Cannabis Retail Sales,VALUE BUDS AT GRIESBACH,"106, 9910 - 137 AVENUE NW",349058888-007,Issued,,"Jun 09, 2023",,3111,Griesbach,Anirniq,53.600627,-113.495232,"(53.60062702758945, -113.49523208203074)",1,POINT (-113.49523208203074 53.60062702758945)
Cannabis Retail Sales,BRIGHTLEAF CANNABIS,12824 - 97 STREET NW,376673191-002,Issued,,"May 31, 2023",,3260,Lauderdale,Anirniq,53.586398,-113.492928,"(53.586398028149986, -113.49292808733522)",1,POINT (-113.49292808733522 53.586398028149986)
Cannabis Retail Sales,VALUE BUDS AT RIVERBEND SQUARE,548 - RIVERBEND SQUARE NW,310620030-007,Issued,,"Nov 06, 2023",,5190,Falconer Heights,pihêsiwin,53.468813,-113.588067,"(53.46881304638254, -113.58806710543928)",1,POINT (-113.58806710543928 53.46881304638254)
Cannabis Retail Sales,CANNABIS 118,,390712944-002,Renewal Notice,,"Mar 06, 2023",,,,,,,,1,
Cannabis Retail Sales,T'S CANNABIS,"BSMT, 5233A - TERWILLEGAR BOULEVARD NW",461676939-002,Issued,,"Feb 08, 2024",,4720,Glastonbury,sipiwiyiniwak,53.493855,-113.666226,"(53.49385530146919, -113.66622561011508)",1,POINT (-113.66622561011508 53.49385530146919)
Cannabis Retail Sales,SMOKEY'S,10185 - 107 STREET NW,343874564-011,Issued,,"Jun 10, 2023",Downtown,1090,Downtown,O-day'min,53.542838,-113.504219,"(53.542838032053886, -113.5042185994313)",1,POINT (-113.5042185994313 53.542838032053886)
Cannabis Retail Sales,CANNABIS HOUSE,18920 - 87 AVENUE NW,375621204-002,Issued,,"Oct 20, 2023",,4040,Belmead,Nakota Isga,53.521769,-113.650167,"(53.521769050661945, -113.65016707385335)",1,POINT (-113.65016707385335 53.521769050661945)
Cannabis Retail Sales,SEED TO SOUL,11521 - 107 AVENUE NW,339188101-002,Renewal Notice,,"Mar 28, 2023",North Edge,1180,Queen Mary Park,O-day'min,53.551226,-113.520779,"(53.55122603353097, -113.52077859290705)",1,POINT (-113.52077859290705 53.55122603353097)
Cannabis Retail Sales,KURVE CANNABIS,8260 - 118 AVENUE NW,436802604-002,Issued,,"Aug 07, 2023",Alberta Avenue,1100,Eastwood,Métis,53.570603,-113.468759,"(53.57060302620138, -113.468758598066)",1,POINT (-113.468758598066 53.57060302620138)
Cannabis Retail Sales,CROWN CANNABIS,14608 - 50 STREET NW,357681496-002,Issued,,"Aug 24, 2023",,2130,Casselman,Dene,53.609159,-113.418237,"(53.609159017920675, -113.41823709645091)",1,POINT (-113.41823709645091 53.609159017920675)
Cannabis Retail Sales,HOLLYBUD CANNABIS LTD.,6004 - 184 STREET NW,410747015-013,Issued,,"Sep 25, 2024",,4220,Jamieson Place,sipiwiyiniwak,53.494499,-113.640731,"(53.494499051136366, -113.64073058509494)",1,POINT (-113.64073058509494 53.494499051136366)
Cannabis Retail Sales,WAKE N BAKE CANNABIS,1091 - KNOTTWOOD ROAD EAST NW,389571615-011,Issued,,"Dec 14, 2023",,6450,Menisa,Karhiio,53.444855,-113.443788,"(53.444855030667206, -113.44378814570454)",1,POINT (-113.44378814570454 53.444855030667206)
Cannabis Retail Sales,AURORA CANNABIS,"1388, 8882 - 170 STREET NW",306718250-009,Issued,,"Oct 09, 2023",,4520,Summerlea,sipiwiyiniwak,53.522273,-113.618303,"(53.5222730468383, -113.61830258079999)",1,POINT (-113.61830258079999 53.5222730468383)
Cannabis Retail Sales,SPIRITLEAF,11835 - ST ALBERT TRAIL NW,369977412-002,Issued,,"Jan 11, 2024",The Crossroads,3410,Sherbrooke,Anirniq,53.570810,-113.548674,"(53.570810035702564, -113.54867408008128)",1,POINT (-113.54867408008128 53.570810035702564)
Cannabis Retail Sales,VALUE BUDS,10387 - 112 STREET NW,407083175-014,Issued,,"Apr 06, 2024",,1150,Oliver,O-day'min,53.545862,-113.513345,"(53.54586203296175, -113.51334459637219)",1,POINT (-113.51334459637219 53.54586203296175)
Cannabis Retail Sales,VALUE BUDS AT MEYOKUMIN,5619 - 23 AVENUE NW,397123841-002,Issued,,"Aug 22, 2023",,6460,Meyokumin,Karhiio,53.453333,-113.425928,"(53.453333028045115, -113.42592764688591)",1,POINT (-113.42592764688591 53.453333028045115)
Cannabis Retail Sales,WAKE N' BAKE CANNABIS,3735 - 8 AVENUE SW,372039493-002,Issued,,"Apr 07, 2024",,6661,Charlesworth,Karhiio,53.425415,-113.398559,"(53.425415026460875, -113.39855866230732)",1,POINT (-113.39855866230732 53.425415026460875)
Cannabis Retail Sales,DELTA 9 CANNABIS STORE INC.,12620F - 132 AVENUE NW,402596497-002,Issued,,"Aug 18, 2024",,3250,Kensington,Anirniq,53.592242,-113.540522,"(53.59224232917444, -113.54052171269564)",1,POINT (-113.54052171269564 53.59224232917444)
Cannabis Retail Sales,CANNABIS DISCOUNTER,11452 - JASPER AVENUE NW,393321872-002,Issued,,"May 18, 2023",,1150,Oliver,O-day'min,53.541281,-113.518668,"(53.54128103386452, -113.51866809671586)",1,POINT (-113.51866809671586 53.54128103386452)
Cannabis Retail Sales,CORNER GRASS CANNABIS,6509 - 104 STREET NW,384128186-010,Issued,,"Dec 01, 2023",,5151,Strathcona Junction,papastew,53.501852,-113.497167,"(53.50185203363074, -113.49716711473386)",1,POINT (-113.49716711473386 53.50185203363074)
Cannabis Retail Sales,CANNABIS LIFE INC.,9329 - 156 STREET NW,378023961-009,Issued,,"Nov 13, 2023",,4500,Sherwood,sipiwiyiniwak,53.529518,-113.589809,"(53.52951804302149, -113.58980858473905)",1,POINT (-113.58980858473905 53.52951804302149)
Cannabis Retail Sales,LUCID CANNABIS,11908 - JASPER AVENUE NW,386759463-002,Issued,,"Mar 11, 2024",,1150,Oliver,O-day'min,53.541281,-113.527250,"(53.54128103488557, -113.52724959479369)",1,POINT (-113.52724959479369 53.54128103488557)
Cannabis Retail Sales,TWEED,10431 - 82 AVENUE NW,360892572-002,Issued,,"May 04, 2023",Old Strathcona,5330,Queen Alexandra,papastew,53.517764,-113.498936,"(53.51776403290241, -113.49893560901495)",1,POINT (-113.49893560901495 53.51776403290241)
Cannabis Retail Sales,NUMO CANNABIS,"103, 10235 - 124 STREET NW",363517558-002,Issued,,"Sep 03, 2023",124 Street and Area,1150,Oliver,O-day'min,53.543990,-113.535386,"(53.54399003569448, -113.535385592063)",1,POINT (-113.535385592063 53.54399003569448)
Cannabis Retail Sales,EDMONTON CANNABIS & EDIBLES,"109, 9303 - 34 AVENUE NW",390319573-009,Issued,,"Nov 24, 2023",,6570,Parsons Industrial,Karhiio,53.465546,-113.475954,"(53.46554603325736, -113.47595413160627)",1,POINT (-113.47595413160627 53.46554603325736)
Cannabis Retail Sales,NUMO CANNABIS,13656 - 137 AVENUE NW,383496805-010,Issued,,"May 25, 2023",,3340,Pembina,Anirniq,53.600366,-113.558048,"(53.600366035088896, -113.55804756803637)",1,POINT (-113.55804756803637 53.600366035088896)
Cannabis Retail Sales,SMOKEY'S,6482 - CARTMELL PLACE SW,386383288-002,Renewal Notice,,"Apr 05, 2023",,5462,Chappelle,Ipiihkoohkanipiaohtsi,53.397218,-113.570139,"(53.397218048481754, -113.57013913328377)",1,POINT (-113.57013913328377 53.397218048481754)
Cannabis Retail Sales,PLANTLIFE,9776 - 170 STREET NW,326814676-002,Issued,,"Sep 18, 2023",,4540,Terra Losa,Nakota Isga,53.533739,-113.617389,"(53.53373904605774, -113.61738907715876)",1,POINT (-113.61738907715876 53.53373904605774)
Cannabis Retail Sales,BUDABOOM,5718 - 75 STREET NW,415008747-002,Issued,,"Feb 15, 2024",,6430,McIntyre Industrial,Karhiio,53.494283,-113.443784,"(53.494283027736316, -113.44378362922757)",1,POINT (-113.44378362922757 53.494283027736316)
Cannabis Retail Sales,UNCLE SAM'S CANNABIS,10404 - 68 AVENUE NW,350139711-010,Issued,,"Feb 29, 2024",,5010,Allendale,papastew,53.504687,-113.498157,"(53.50468703358113, -113.4981571135642)",1,POINT (-113.4981571135642 53.50468703358113)
Cannabis Retail Sales,UNCLE SAM'S CANNABIS,12751 - 50 STREET NW,362182319-009,Issued,,"Feb 29, 2024",,2350,Homesteader,Dene,53.586695,-113.417216,"(53.58669501912145, -113.41721560423508)",1,POINT (-113.41721560423508 53.58669501912145)
Cannabis Retail Sales,PLANET HOLLYWEED,831 - DANIELS WAY SW,411903306-002,Issued,,"May 03, 2023",,5463,Desrochers Area,Ipiihkoohkanipiaohtsi,53.398721,-113.542298,"(53.39872104508974, -113.54229763900153)",1,POINT (-113.54229763900153 53.39872104508974)
Cannabis Retail Sales,HI GUYS CANNABIS,2207 - 47 STREET NW,384572035-012,Issued,,"Dec 02, 2023",,6580,Pollard Meadows,Sspomitapi,53.454917,-113.414345,"(53.45491702657712, -113.414344648956)",1,POINT (-113.414344648956 53.45491702657712)
Cannabis Retail Sales,WAKE N' BAKE CANNABIS,2755 - 182 STREET SW,445753799-002,Issued,,"Sep 06, 2023",,5574,Keswick,pihêsiwin,53.411042,-113.635713,"(53.41104205544905, -113.6357131140615)",1,POINT (-113.6357131140615 53.41104205544905)
Cannabis Retail Sales,FOUR20,"7, 3749 - 17 STREET NW",355301412-002,Issued,,"Feb 24, 2024",,6443,Tamarack,Sspomitapi,53.475896,-113.366807,"(53.475896019691675, -113.36680665263808)",1,POINT (-113.36680665263808 53.475896019691675)
Cannabis Retail Sales,UNCLE SAM'S CANNABIS,13572 - FORT ROAD NW,325703943-004,Issued,,"Feb 29, 2024",Fort Road and Area,2080,Belvedere,Dene,53.598764,-113.423529,"(53.59876401916209, -113.42352909875878)",1,POINT (-113.42352909875878 53.59876401916209)
Cannabis Retail Sales,CANNABIS DISCOUNTER,3909 - 34 STREET NW,408670634-011,Issued,,"Feb 22, 2024",,6390,Larkspur,Sspomitapi,53.474510,-113.391917,"(53.47451002275256, -113.39191664746164)",1,POINT (-113.39191664746164 53.47451002275256)
Cannabis Retail Sales,LUCID CANNABIS,991 - TAMARACK WAY NW,394653612-002,Issued,,"May 27, 2023",,6443,Tamarack,Sspomitapi,53.480522,-113.366312,"(53.480522019357856, -113.36631165120744)",1,POINT (-113.36631165120744 53.480522019357856)
Cannabis Retail Sales,VALUE BUDS AT HERITAGE VALLEY,2706 - JAMES MOWATT TRAIL SW,429254422-002,Issued,,"Oct 31, 2023",,5464,Heritage Valley Town Centre,Ipiihkoohkanipiaohtsi,53.407046,-113.535012,"(53.40704604373193, -113.53501213786402)",1,POINT (-113.53501213786402 53.40704604373193)
Cannabis Retail Sales,EDMONTON CANNABIS & EDIBLES,3315 - 118 AVENUE NW,446946328-002,Issued,,"Oct 06, 2023",Beverly,2660,Rundle Heights,Métis,53.569901,-113.392461,"(53.56990101716781, -113.39246111543851)",1,POINT (-113.39246111543851 53.56990101716781)
Cannabis Retail Sales,CANNABIS BAY,1770 - 34 AVENUE NW,418839287-002,Issued,,"Nov 14, 2023",,6790,Wild Rose,Sspomitapi,53.468012,-113.370650,"(53.46801202061634, -113.37064965440162)",1,POINT (-113.37064965440162 53.46801202061634)
Cannabis Retail Sales,2140201 ALBERTA LTD,"BSMT, 11639 - JASPER AVENUE NW",387326626-002,Issued,,"Apr 29, 2023",,1150,Oliver,O-day'min,53.540624,-113.522381,"(53.540624034344845, -113.52238059610455)",1,POINT (-113.52238059610455 53.540624034344845)
Cannabis Retail Sales,KUSHI CANNABIS,382 - SADDLEBACK ROAD NW,414499986-009,Issued,,"Nov 09, 2023",,5060,Blue Quill,Ipiihkoohkanipiaohtsi,53.460326,-113.530827,"(53.460326040081966, -113.53082712106516)",1,POINT (-113.53082712106516 53.460326040081966)
Cannabis Retail Sales,SELECT CANNABIS,13546 - 97 STREET NW,395814199-002,Issued,,"May 17, 2023",,3390,Rosslyn,Anirniq,53.597855,-113.493243,"(53.59785502751512, -113.49324308341008)",1,POINT (-113.49324308341008 53.59785502751512)
Cannabis Retail Sales,LUX LEAF CANNABIS - HERITAGE,10946 - 23 AVENUE NW,396980308-012,Issued,,"Nov 13, 2023",,5180,Ermineskin,Ipiihkoohkanipiaohtsi,53.454989,-113.512256,"(53.454989038192075, -113.51225562699882)",1,POINT (-113.51225562699882 53.454989038192075)
Cannabis Retail Sales,GANJA HUT,431 - MISTATIM WAY NW,417204510-002,Issued,,"Dec 29, 2023",,4320,Mistatim Industrial,Anirniq,53.600078,-113.581016,"(53.600078037843524, -113.5810155629898)",1,POINT (-113.5810155629898 53.600078037843524)
Cannabis Retail Sales,VALUE BUDS AT HAMPTONS,19908 - LESSARD ROAD NW,393967990-002,Issued,,"May 19, 2023",,4461,The Hamptons,sipiwiyiniwak,53.478092,-113.673473,"(53.478092055994935, -113.67347258328027)",1,POINT (-113.67347258328027 53.478092055994935)
Cannabis Retail Sales,WAKE N' BAKE CANNABIS,858 - 119 STREET SW,397192897-010,Issued,,"Mar 21, 2024",,5452,MacEwan,Ipiihkoohkanipiaohtsi,53.425046,-113.530877,"(53.425046042174756, -113.53087663280431)",1,POINT (-113.53087663280431 53.425046042174756)
Cannabis Retail Sales,WAKE N’ BAKE CANNABIS,6609 - 99 STREET NW,384066479-011,Issued,,"Oct 04, 2023",,6730,Terrace Heights,Métis,53.539601,-113.432293,"(53.53960050943035, -113.43229317529499)",1,POINT (-113.43229317529499 53.53960050943035)
Cannabis Retail Sales,PLANT LIFE DISPENSARY (ALBANY) LTD.,12920 - 167 AVENUE NW,376812888-002,Issued,,"Mar 04, 2024",,3460,Albany,Anirniq,53.629589,-113.544818,"(53.629589031803924, -113.54481756114774)",1,POINT (-113.54481756114774 53.629589031803924)
Cannabis Retail Sales,CANNABIS DISCOUNTER,15150 - 127 STREET NW,374531954-002,Issued,,"Nov 30, 2023",,3150,Cumberland,Anirniq,53.614856,-113.542734,"(53.6148560324164, -113.54273406658464)",1,POINT (-113.54273406658464 53.6148560324164)
Cannabis Retail Sales,LUX LEAF CANNABIS,3908 - GATEWAY BOULEVARD NW,419108634-005,Issued,,"Apr 26, 2023",,5120,Calgary Trail South,Karhiio,53.472746,-113.493977,"(53.472746034971266, -113.49397662516898)",1,POINT (-113.49397662516898 53.472746034971266)
Cannabis Retail Sales,PLUTO CANNABIS INC.,"106, 10104 - 111 AVENUE NW",390670294-006,Issued,,"May 09, 2023",Kingsway,1230,Spruce Avenue,O-day'min,53.559308,-113.494247,"(53.5593080298986, -113.49424659614115)",1,POINT (-113.49424659614115 53.5593080298986)
Cannabis Retail Sales,SPIRITLEAF,"105, 11044 - 82 AVENUE NW",340964469-002,Issued,,"Oct 29, 2023",,1070,Cromdale,Métis,53.559395,-113.467388,"(53.5593947309994, -113.46738806058575)",1,POINT (-113.46738806058575 53.5593947309994)
Cannabis Retail Sales,DISCOUNTED CANNABIS,14147 - 127 STREET NW,393437808-005,Issued,,"Mar 02, 2024",,3020,Baranow,Anirniq,53.603777,-113.540534,"(53.603777032802086, -113.54053357081162)",1,POINT (-113.54053357081162 53.603777032802086)
Cannabis Retail Sales,PLANTLIFE,5229 - 167 AVENUE NW,399704509-011,Issued,,"Feb 02, 2024",,2340,Hollick-Kenyon,Dene,53.627825,-113.416127,"(53.62782501657209, -113.41612659063912)",1,POINT (-113.41612659063912 53.62782501657209)
Cannabis Retail Sales,CANNA CABANA,10275 - JASPER AVENUE NW,355903132-002,Renewal Notice,,"Apr 05, 2023",Downtown,1090,Downtown,O-day'min,53.540579,-113.497100,"(53.54057903134001, -113.49709960178414)",1,POINT (-113.49709960178414 53.54057903134001)
Cannabis Retail Sales,DELTA 9 CANNABIS STORE INC.,4512 - 118 AVENUE NW,402593686-002,Issued,,"Aug 18, 2024",Beverly,2040,Beacon Heights,Métis,53.570621,-113.411595,"(53.57062101940047, -113.41159511089624)",1,POINT (-113.41159511089624 53.57062101940047)
Cannabis Retail Sales,LUCID CANNABIS,15211 - 111 AVENUE NW,370185241-002,Issued,,"Sep 16, 2023",,4200,High Park,Nakota Isga,53.558480,-113.583356,"(53.55848004055554, -113.5833555764617)",1,POINT (-113.5833555764617 53.55848004055554)
Cannabis Retail Sales,CANNABIS DISCOUNTER,3516 - EWING TRAIL SW,365492592-011,Issued,,"May 19, 2023",,6214,Ellerslie Industrial,Karhiio,53.401097,-113.491200,"(53.40109703888905, -113.49120014963405)",1,POINT (-113.49120014963405 53.40109703888905)
Cannabis Retail Sales,PLANTLIFE,10328 - 103 STREET NW,394299034-012,Issued,,"Jun 27, 2023",Downtown,1090,Downtown,O-day'min,53.545358,-113.497010,"(53.545358031048, -113.49700960020199)",1,POINT (-113.49700960020199 53.545358031048)
Cannabis Retail Sales,CANNABACEE THE HEMP HOUSE,6111 - 28 AVENUE NW,386668303-002,Issued,,"Jul 12, 2024",,6520,Mill Woods Town Centre,Karhiio,53.458634,-113.427651,"(53.458634027934785, -113.42765114473427)",1,POINT (-113.42765114473427 53.458634027934785)
Cannabis Retail Sales,CANNABIS BAY,6871 - AD ASTRA BOULEVARD NW,402910489-002,Issued,,"Oct 13, 2023",,3111,Griesbach,Anirniq,53.606648,-113.515442,"(53.60664802964408, -113.51544157546994)",1,POINT (-113.51544157546994 53.60664802964408)
Cannabis Retail Sales,PLANTLIFE,6115 - CURRENTS DRIVE NW,361175190-002,Issued,,"Jun 21, 2023",,5505,Ambleside,pihêsiwin,53.435936,-113.603318,"(53.4359360501326, -113.60331761299915)",1,POINT (-113.60331761299915 53.4359360501326)
Cannabis Retail Sales,CREST CANNABIS CASTLE,"101, 3412 - 118 AVENUE NW",387990184-002,Issued,,"Sep 22, 2024",Beverly,2040,Beacon Heights,Métis,53.571071,-113.395341,"(53.571071017441156, -113.39534111439843)",1,POINT (-113.39534111439843 53.571071017441156)
Cannabis Retail Sales,DOWNTOWN 420,"1B, 10020 - JASPER AVENUE NW",345820954-006,Issued,,"May 30, 2023",Downtown,1090,Downtown,O-day'min,53.541425,-113.491493,"(53.5414250306233, -113.49149260275735)",1,POINT (-113.49149260275735 53.5414250306233)
Cannabis Retail Sales,KUSHI CANNABIS,9442 - 149 STREET NW,350363577-002,Issued,,"Feb 18, 2024",,4500,Sherwood,sipiwiyiniwak,53.531084,-113.578536,"(53.53108404158785, -113.57853608673466)",1,POINT (-113.57853608673466 53.53108404158785)
Cannabis Retail Sales,FIRE AND FLOWER,4357 - 50 STREET NW,306082440-009,Issued,,"Jan 11, 2024",,6330,Jackson Heights,Sspomitapi,53.481359,-113.417162,"(53.48135902534156, -113.41716163951257)",1,POINT (-113.41716163951257 53.48135902534156)
Cannabis Retail Sales,MILKYWAY CANNABIS,4962A - 98 AVENUE NW,402866711-010,Issued,,"May 18, 2024",,6180,Eastgate Business Park,Métis,53.537549,-113.417112,"(53.53754931770743, -113.41711173865971)",1,POINT (-113.41711173865971 53.53754931770743)
Cannabis Retail Sales,MOUNTAIN STANDARD CANNABIS,9729 - 118 AVENUE NW,347527888-002,Issued,,"Dec 15, 2023",Alberta Avenue,1230,Spruce Avenue,O-day'min,53.570090,-113.493207,"(53.570090029141056, -113.49320709275383)",1,POINT (-113.49320709275383 53.570090029141056)
Cannabis Retail Sales,WAKE N' BAKE CANNABIS,3725 - 118 AVENUE NW,406453515-002,Issued,,"Aug 30, 2023",Beverly,2100,Beverly Heights,Métis,53.570117,-113.399382,"(53.57011701797795, -113.3993821138102)",1,POINT (-113.3993821138102 53.57011701797795)
Cannabis Retail Sales,DISCOUNTED CANNABIS,12988 - 50 STREET NW,341344192-005,Issued,,"Feb 29, 2024",,2380,Kennedale Industrial,Dene,53.589062,-113.419200,"(53.58906201921813, -113.41920010299361)",1,POINT (-113.41920010299361 53.58906201921813)
Cannabis Retail Sales,VALUE BUDS AT RABBIT HILL ROAD,5035 - MULLEN ROAD NW,363141355-002,Issued,,"Oct 20, 2023",,5477,Mactaggart,pihêsiwin,53.433929,-113.574684,"(53.433929046850075, -113.57468412005998)",1,POINT (-113.57468412005998 53.433929046850075)
Cannabis Retail Sales,CANNABIS HOUSE,16434 - ELLERSLIE ROAD SW,382879909-002,Issued,,"Jan 24, 2024",,5505,Ambleside,pihêsiwin,53.423777,-113.606981,"(53.423777051285086, -113.606980616231)",1,POINT (-113.606980616231 53.423777051285086)
Cannabis Retail Sales,BUDABOOM,3016A - 106 STREET NW,375049315-014,Issued,,"Dec 05, 2024",,5470,Steinhauer,Ipiihkoohkanipiaohtsi,53.463389,-113.502676,"(53.463389247090895, -113.50267598574409)",1,POINT (-113.50267598574409 53.463389247090895)
Cannabis Retail Sales,SMOKEY'S,5017 - 22 AVENUE SW,373266244-002,Issued,,"Oct 21, 2023",,6662,Walker,Karhiio,53.413301,-113.419866,"(53.4133010297076, -113.41986616155336)",1,POINT (-113.41986616155336 53.4133010297076)
Cannabis Retail Sales,PRAIRIE RECORDS,"102, 8623 - 112 STREET NW",360190271-002,Issued,,"Jul 06, 2023",,5200,Garneau,papastew,53.522633,-113.520410,"(53.52263303516895, -113.52040960257489)",1,POINT (-113.52040960257489 53.52263303516895)
Cannabis Retail Sales,CLAIR'S CANNABIS,10004 - 158 STREET NW,325603434-006,Issued,,"May 21, 2023",Stony Plain Road and Area,4180,Glenwood,Nakota Isga,53.539553,-113.594268,"(53.53955304296398, -113.59426808037597)",1,POINT (-113.59426808037597 53.53955304296398)
Cannabis Retail Sales,LUCID CANNABIS,8062 - 167 AVENUE NW,360621877-002,Issued,,"May 14, 2023",,2700,Schonsee,tastawiyiniwak,53.629607,-113.466009,"(53.62960702240911, -113.46600907882686)",1,POINT (-113.46600907882686 53.62960702240911)
Cannabis Retail Sales,CANNAMART INC,10114 - 175 STREET NW,314179397-008,Issued,,"Jul 24, 2023",,4510,Stone Industrial,Nakota Isga,53.542199,-113.623572,"(53.542199046298805, -113.62357207293796)",1,POINT (-113.62357207293796 53.542199046298805)
Cannabis Retail Sales,CANNABIS COWBOY,6111 - 104 STREET NW,406536003-002,Renewal Notice,,"Mar 22, 2023",,5110,Calgary Trail North,papastew,53.498513,-113.496551,"(53.49851303375459, -113.49655061598811)",1,POINT (-113.49655061598811 53.49851303375459)
Cannabis Retail Sales,ELEVATE,10604 - 105 AVENUE NW,404705366-002,Issued,,"Aug 22, 2024",North Edge,1030,Central McDougall,O-day'min,53.548085,-113.504205,"(53.54808503174359, -113.50420509767464)",1,POINT (-113.50420509767464 53.54808503174359)
Cannabis Retail Sales,STAR BUDS CANNABIS CO.,16737 - 127 STREET NW,400547881-002,Issued,,"Sep 02, 2023",,3370,Rapperswill,Anirniq,53.630561,-113.539508,"(53.63056103111397, -113.53950756201023)",1,POINT (-113.53950756201023 53.63056103111397)
Cannabis Retail Sales,HEY BUD RETAIL CANNABIS,10311 - 103 AVENUE NW,353218102-011,Issued,,"Feb 07, 2024",Downtown,1090,Downtown,O-day'min,53.544341,-113.497923,"(53.544341031216526, -113.49792310033827)",1,POINT (-113.49792310033827 53.544341031216526)
Cannabis Retail Sales,FIRE & FLOWER CANNABIS CO.,"118, 12222 - 137 AVENUE NW",363230124-002,Issued,,"Jun 09, 2023",,3020,Baranow,Anirniq,53.600753,-113.532830,"(53.60075303206106, -113.53282957355691)",1,POINT (-113.53282957355691 53.60075303206106)
Cannabis Retail Sales,CANNABIS SPOT,14053 - VICTORIA TRAIL NW,375826326-002,Issued,,"Jan 18, 2025",,2030,Bannerman,Dene,53.603696,-113.384271,"(53.603696014200295, -113.38427110592778)",1,POINT (-113.38427110592778 53.603696014200295)
Cannabis Retail Sales,PLANTLIFE,1309 - WINDERMERE WAY SW,372180192-002,Issued,,"Sep 24, 2023",,5570,Windermere,pihêsiwin,53.435990,-113.615990,"(53.43599005163491, -113.61598961015359)",1,POINT (-113.61598961015359 53.43599005163491)
Cannabis Retail Sales,FOUR20 PREMIUM MARKET,"155, 5055 - 101 AVENUE NW",400602285-002,Issued,,"Jul 19, 2023",,6550,Ottewell,Métis,53.539463,-113.421477,"(53.53946302241457, -113.42147711912314)",1,POINT (-113.42147711912314 53.53946302241457)
Cannabis Retail Sales,PLANT LIFE DISPENSARY (ORCHARDS) LTD.,6639 - 25 AVENUE SW,420545637-010,Issued,,"Jun 09, 2023",,6216,The Orchards At Ellerslie,Karhiio,53.409413,-113.444243,"(53.40941303282804, -113.44424265738304)",1,POINT (-113.44424265738304 53.40941303282804)
Cannabis Retail Sales,CHOOM CANNABIS CO,"1, 10502 - 107 AVENUE NW",352061100-002,Renewal Notice,,"Apr 12, 2023",North Edge,1030,Central McDougall,O-day'min,53.551658,-113.501613,"(53.55165803122504, -113.50161309705695)",1,POINT (-113.50161309705695 53.55165803122504)
Cannabis Retail Sales,CANNABIS DISCOUNTER,10828 - 102 AVENUE NW,374029127-002,Issued,,"Oct 01, 2023",Downtown,1090,Downtown,O-day'min,53.543261,-113.507877,"(53.543261032464244, -113.50787709846962)",1,POINT (-113.50787709846962 53.543261032464244)
Cannabis Retail Sales,"""FOUR20""",10806 - 82 AVENUE NW,439328532-002,Issued,,"Aug 08, 2023",Old Strathcona,5200,Garneau,papastew,53.518412,-113.509875,"(53.51841203416484, -113.50987510634748)",1,POINT (-113.50987510634748 53.51841203416484)
Cannabis Retail Sales,UNCLE SAM'S CANNABIS,13712 - CASTLE DOWNS ROAD NW,373957220-009,Issued,,"Feb 29, 2024",,3090,Carlisle,Anirniq,53.600096,-113.517525,"(53.60009603027606, -113.51752507720929)",1,POINT (-113.51752507720929 53.60009603027606)
Cannabis Retail Sales,CANNABIS DISCOUNTER,2063 - 111 STREET NW,392106105-011,Issued,,"Aug 23, 2023",,5250,Keheewin,Ipiihkoohkanipiaohtsi,53.452802,-113.514920,"(53.45280203863776, -113.51491962713163)",1,POINT (-113.51491962713163 53.45280203863776)
Cannabis Retail Sales,CANNABIS BAY,9912 - 82 AVENUE NW,374944463-012,Issued,,"Nov 09, 2023",Old Strathcona,5480,Strathcona,papastew,53.518367,-113.486660,"(53.518367031407465, -113.48665961156387)",1,POINT (-113.48665961156387 53.518367031407465)
Cannabis Retail Sales,CANNABIS HOUSE,4212 - 66 STREET NW,394028742-002,Issued,,"May 20, 2023",,6480,Michaels Park,Karhiio,53.481143,-113.443829,"(53.48114302851977, -113.44382863360357)",1,POINT (-113.44382863360357 53.48114302851977)
Cannabis Retail Sales,WAKE N’ BAKE CANNABIS,6937 - ELLERSLIE ROAD SW,395517681-002,Issued,,"Jun 10, 2023",,6213,Summerside,Karhiio,53.424236,-113.444778,"(53.42423603200975, -113.44477815233974)",1,POINT (-113.44477815233974 53.42423603200975)
